code,name,portfolio_lvr,standard_lvr,single_lvr
360,LIFE360 INC,40,0,0
A1N,ARN MEDIA LIMITED,40,0,0
A200,BETASHARES AUSTRALIA 200 ETF,80,75,70
A2M ,THE A2 MILK COMPANY LIMITED,60,55,50
AAA,BETASHARES AUSTRALIAN HIGH INTEREST CASH ETF,90,85,80
AAC,AUSTRALIAN AGRICULTURAL COMPANY LIMITED,50,45,40
AAI,ALCOA CORPORATION,65,60,55
AASF,AIRLIE AUSTRALIAN SHARE FUND - ACTIVE ETF,75,70,65
ABA,AUSWIDE BANK LTD,45,40,35
ABB,AUSSIE BROADBAND LIMITED,40,35,30
ABG,ABACUS GROUP,60,55,50
ACDC,GLOBAL X BATTERY TECH AND LITHIUM ETF,65,60,55
ACL,AUSTRALIAN CLINICAL LABS LIMITED,50,45,40
AD8,AUDINATE GROUP LIMITED,40,0,0
ADH,ADAIRS LIMITED ,45,40,35
ADT,ADRIATIC METALS PLC ,40,0,0
AEF,AUSTRALIAN ETHICAL INVESTMENT LIMITED,40,35,30
AEL,AMPLITUDE ENERGY LIMITED,40,35,30
AFG,AUSTRALIAN FINANCE GROUP LTD,40,35,30
AFI,AUSTRALIAN FOUNDATION INVESTMENT COMPANY LTD,75,70,65
AGL,AGL ENERGY LIMITED ,70,65,60
AGX1,ANTIPODES GLOBAL SHARES (QUOTED MANAGED FUND),65,60,55
AIA,AUCKLAND INTERNATIONAL AIRPORT LIMITED,70,65,60
AIS,AERIS RESOURCES LIMITED,40,0,0
AIZ,AIR NEW ZEALAND LIMITED,45,40,35
ALD ,AMPOL LIMITED,70,65,60
ALI,ARGO GLOBAL LISTED INFRASTRUCTURE LIMITED ,60,55,50
ALK,ALKANE RESOURCES LIMITED,40,35,30
ALL,ARISTOCRAT LEISURE LIMITED,40,35,30
ALQ ,ALS LIMITED,70,65,60
ALX,ATLAS ARTERIA,75,70,65
AMC,AMCOR PLC,75,70,65
AMH,AMCIL LIMITED,55,50,45
AMP,AMP LIMITED,60,55,50
AMPPB,AMP LIMITED,60,55,50
AN3PH,AUSTRALIA AND NEW ZEALAND BANKING GROUP LIMITED,80,75,70
AN3PI,AUSTRALIA AND NEW ZEALAND BANKING GROUP LIMITED,80,75,70
AN3PJ,AUSTRALIA AND NEW ZEALAND BANKING GROUP LIMITED,80,75,70
AN3PK,AUSTRALIA AND NEW ZEALAND BANKING GROUP LIMITED,80,75,70
AN3PL,AUSTRALIA AND NEW ZEALAND BANKING GROUP LIMITED,80,75,70
ANN,ANSELL LIMITED,65,60,55
ANZ,ANZ GROUP HOLDINGS LIMITED,80,75,70
AOF,AUSTRALIAN UNITY OFFICE FUND,40,35,30
AOV,AMOTIV LIMITED,60,55,50
APA,APA GROUP,75,70,65
APE,EAGERS AUTOMOTIVE LIMITED,55,50,45
ARB,ARB CORPORATION LIMITED,65,60,55
ARF,ARENA REIT,65,60,55
ARG,ARGO INVESTMENTS LIMITED,75,70,65
ASB,AUSTAL LIMITED,60,55,50
ASIA,BETASHARES ASIA TECHNOLOGY TIGERS ETF,70,65,60
ASK,ABACUS STORAGE KIND,65,60,55
ASX,ASX LIMITED,75,70,65
ATEC,BETASHARES S&P/ASX AUSTRALIAN TECHNOLOGY ETF,70,65,60
AUB,AUB GROUP LIMITED,70,65,60
AUI,AUSTRALIAN UNITED INVESTMENT COMPANY LIMITED,70,65,60
AUMF,ISHARES EDGE MSCI AUSTRALIA MULIFACTOR ETF,80,75,70
AX1,ACCENT GROUP LIMITED,50,45,40
AZJ,AURIZON HOLDINGS LIMITED,75,70,65
BAP,BAPCOR LIMITED,50,45,40
BBN,BABY BUNTING GROUP LIMITED,45,40,35
BCI,BCI MINERALS LIMITED,40,0,0
BEAR,BETASHARES AUSTRALIAN EQUITIES BEAR (HEDGE FUND),80,75,70
BEN,BENDIGO AND ADELAIDE BANK LIMITED,70,65,60
BENPH,BENDIGO AND ADELAIDE BANK LIMITED,70,65,60
BENPI,BENDIGO AND ADELAIDE BANK LIMITED,70,65,60
BFG,BELL FINANCIAL GROUP LIMITED,40,0,0
BGA,BEGA CHEESE LIMITED,55,50,45
BGBL,BETASHARES GLOBAL SHARES ETF,75,70,65
BGL,BELLEVUE GOLD LIMITED,40,0,0
BHP,BHP GROUP LIMITED,80,75,70
BHYB,BETASHARES AUSTRALIAN MAJOR BANK HYBRIDS INDEX ETF,75,70,65
BKI,BKI INVESTMENT COMPANY LIMITED,70,65,60
BKW,BRICKWORKS LIMITED,70,65,60
BLX,BEACON LIGHTING GROUP LIMITED,40,35,30
BNKS,BETASHARES GLOBAL BANKS ETF - CURRENCY HEDGED,70,65,60
BOQ,BANK OF QUEENSLAND LIMITED,70,65,60
BOQPF,BANK OF QUEENSLAND LIMITED,70,65,60
BPT,BEACH ENERGY LIMITED,60,55,50
BRG,BREVILLE GROUP LIMITED,60,55,50
BSL,BLUESCOPE STEEL LIMITED,75,70,65
BWP,BWP TRUST,70,65,60
BXB,BRAMBLES LIMITED,80,75,70
CAR,CAR GROUP LIMITED,70,65,60
CBA,COMMONWEALTH BANK OF AUSTRALIA,80,75,70
CBAPG,COMMONWEALTH BANK OF AUSTRALIA,80,75,70
CBAPI,COMMONWEALTH BANK OF AUSTRALIA,80,75,70
CBAPJ,COMMONWEALTH BANK OF AUSTRALIA,80,75,70
CBAPK,COMMONWEALTH BANK OF AUSTRALIA,80,75,70
CBAPL,COMMONWEALTH BANK OF AUSTRALIA,80,75,70
CBAPM,COMMONWEALTH BANK OF AUSTRALIA,80,75,70
CBO,COBRAM ESTATE OLIVES LIMITED,40,0,0
CCP,CREDIT CORP GROUP LIMITED,40,0,0
CDA,CODAN LIMITED,55,50,45
CDM,CADENCE CAPITAL LIMITED,45,40,35
CDP,CARINDALE PROPERTY TRUST,40,0,0
CGF,CHALLENGER LIMITED,65,60,55
CGFPC,CHALLENGER LIMITED,65,60,55
CHC,CHARTER HALL GROUP,70,65,60
CHN,CHALICE MINING LIMITED,40,0,0
CIA,CHAMPION IRON LIMITED,50,45,40
CIN,CARLTON INVESTMENTS LIMITED,60,55,50
CIP,CENTURIA INDUSTRIAL REIT,60,55,50
CKF,COLLINS FOODS LIMITED,60,55,50
CLDD,BETASHARES CLOUD COMPUTING ETF,60,55,50
CLNE,CLOVER CORPORATION LIMITED,40,0,0
CLW,CHARTER HALL LONG WALE REIT,65,60,55
CMM,CAPRICORN METALS LTD,45,40,35
CMW,CROMWELL PROPERTY GROUP,60,55,50
CNEW,VANECK CHINA NEW ECONOMY ETF,55,50,45
CNI,CENTURIA CAPITAL GROUP,60,55,50
CNU,CHORUS LIMITED,65,60,55
COF,CENTURIA OFFICE REIT,55,50,45
COH,COCHLEAR LIMITED,75,70,65
COL,COLES GROUP LIMITED,80,75,70
CPU,COMPUTERSHARE LIMITED,70,65,60
CQE,CHARTER HALL SOCIAL INFRASTRUCTURE REIT,60,55,50
CQR,CHARTER HALL RETAIL REIT,70,65,60
CRED,BETASHARES AUSTRALIAN INVESTMENT GRADE CORPORATE BOND,70,65,60
CRN,CORONADO GLOBAL RESOURCES INC,45,40,35
CSL,CSL LIMITED ,80,75,70
CTD,CORPORATE TRAVEL MANAGEMENT LIMITED,65,60,55
CURE,GLOBAL X S&P BIOTECH ETF,60,55,50
CUV,CLINUVEL PHARMACEUTICALS LIMITED,50,45,40
CWP,CEDAR WOODS PROPERTIES LIMITED,40,0,0
CWY,CLEANAWAY WASTE MANAGEMENT LIMITED,65,60,55
DBI,DARLRYMPLE BAY INFRASTRUCTURE LIMITED ,40,0,0
DDR,DICKER DATA LIMITED,60,55,50
DGL,DGL GROUP LIMITED,40,0,0
DGT,DIGICO INFRASTRUCTURE REIT,50,45,40
DHG,DOMAIN HOLDINGS AUSTRALIA LIMITED,60,55,50
DHHF,BETASHARES DIVERSIFIED ALL GROWTH ETF,70,65,60
DJRE,SPDR DOW JONES GLOBAL REAL ESTATE ESG FUND,65,60,55
DJW,DJERRIWARRH INVESTMENTS LIMITED,70,65,60
DMP,DOMINO’S PIZZA ENTERPRISES LIMITED,60,55,50
DOW,DOWNER EDI LIMITED,55,50,45
DRIV,BETASHARES ELECTRIC VEHICLES AND FTR MOBILITY ETF,70,65,60
DRR,DETERRA ROYALTIES LIMITED,65,60,55
DRUG,BETASHARES GLOBAL HEALTHCARE ETF - CURRENCY HEDGED,70,65,60
DTL,DATA#3 LIMITED,50,45,40
DUI,DIVERSIFIED UNITED INVESTMENT LIMITED,70,65,60
DVDY,VANECK MORNINGSTAR AUSTRALIAN MOAT INCOME ETF ,70,65,60
DXC,DEXUS CONVENIENCE RETAIL REIT,50,45,40
DXI,DEXUS INDUSTRIA REIT,65,60,55
DXS,DEXUS,65,60,55
DZZF,BETASHARES ETHICAL DIVERSIFIED HIGH GROWTH ETF,70,65,60
EDV,ENDEAVOUR GROUP LIMITED,70,65,60
EHL,EMECO HOLDINGS LIMITED,40,35,30
ELD,ELDERS LIMITED,60,55,50
EMR,EMERALD RESOURCES NL,50,45,40
EQT,EQT HOLDINGS LIMITED,50,45,40
ERTH,BETASHARES CLIMATE CHANGE INNOVATION ETF ,65,60,55
ESGI,VANECK MSCI INTERNATIONAL SUSTAINABLE EQUITY ETF,75,70,65
ESPO,VANECK VIDEO GAMING AND ESPORTS ETF,70,65,60
ESTX,GLOBAL X EURO STOXX 50 ETF,75,70,65
ETHI,BETASHARES GLOBAL SUSTAINABILITY LEADERS ETF,75,70,65
ETPMAG,GLOBAL X PHYSICAL SILVER A,65,60,55
ETPMPT,GLOBAL X PHYSICAL PLATINUM A,55,50,45
EVN,EVOLUTION MINING LIMITED,70,65,60
EVT,EVT LIMITED,65,60,55
EX20,BETASHARES AUSTRALIAN EX-20 PORTFOLIO DIVERSIFIER ETF,80,75,70
F100,BETASHARES FTSE 100 ETF,70,65,60
FAIR,BETASHARES AUSTRALIAN SUSTAINABILITY LEADERS ETF,80,75,70
FANG,GLOBAL X FANG+ ETF,65,60,55
FBU,FLETCHER BUILDING LIMITED,45,40,35
FEMX,FIDELITY GLOBAL EMERGING MARKETS ACTIVE ETF,70,65,60
FEX,FENIX RESOURCES LTD,40,0,0
FGG,FUTURE GENERATION GLOBAL LIMITED,65,60,55
FGX,FUTURE GENERATION AUSTRALIA LIMITED,70,65,60
FLT,FLIGHT CENTRE TRAVEL GROUP LIMITED,70,65,60
FMG,FORTESCUE LTD,65,60,55
FOOD,BETASHARES GLOBAL AGRICULTURE ETF - CURRENCY HEDGED,65,60,55
FPH,FISHER & PAYKEL HEALTHCARE CORPORATION LIMITED,65,60,55
FUEL ,BETASHARES GLOBAL ENERGY COMPANIES ETF - CURRENCY HEDGED,70,65,60
FWD,FLEETWOOD LIMITED,40,35,30
GDI,GDI PROPERTY GROUP,45,40,35
GDX,VANECK GOLD MINERS ETF,70,65,60
GEM,G8 EDUCATION LIMITED,50,45,40
GGOV,BETASHARES US TREASURY BOND 20+YR ETF - CCY HEDGED,80,75,70
GMD,GENESIS MINERALS LIMITED,45,40,35
GMG,GOODMAN GROUP,75,70,65
GNC,GRAINCORP LIMITED,60,55,50
GNE,GENESIS ENERGY LIMITED,45,40,35
GOAT,VANECK MORNINGSTAR INTERNATIONAL WIDE MOAT ETF,70,65,60
GOLD,GLOBAL X PHYSICAL GOLD,80,75,70
GOR,GOLD ROAD RESOURCES LIMITED,50,45,40
GOZ,GROWTHPOINT PROPERTIES AUSTRALIA,65,60,55
GPT,GPT GROUP,70,65,60
GQG,GQG PARTNERS INC ,65,60,55
GRNV,VANECK MSCI AUSTRALIAN SUSTAINABLE EQUITY ETF,80,75,70
GRR,GRANGE RESOURCES LIMITED,40,0,0
GVF,STAUDE CAPITAL GLOBAL VALUE FUND LIMITED,50,45,40
GWA,GWA GROUP LIMITED,55,50,45
GYG,GUZMAN Y GOMEZ LIMITED,50,45,40
HACK,BETASHARES GLOBAL CYBERSECURITY ETF,70,65,60
HBRD,BETASHARES ACTIVE AUSTRALIAN HYBRIDS FUND (MANAGED FUND),80,75,70
HCW,HEALTHCO HEALTHCARE AND WELLNESS REIT,45,40,35
HDN,HOMECO DAILY NEEDS REIT,65,60,55
HETH,BETASHARES GLOBAL SUSTAINABILITY LEADERS ETF - CH,75,70,65
HGEN,GLOBAL X HYDROGEN ETF,55,50,45
HLI,HELIA GROUP LIMITED,40,0,0
HLS ,HEALIUS LIMITED,40,0,0
HLTH ,VANECK GLOBAL HEALTHCARE LEADERS ETF,70,65,60
HM1,HEARTS AND MINDS INVESTMENTS LIMITED,65,60,55
HMC,HMC CAPITAL LIMITED,60,55,50
HNDQ,BETASHARES NASDAQ 100 CURRENCY HEDGED ETF,75,70,65
HPG,HIPAGES GROUP HOLDINGS LTD,40,0,0
HPI,HOTEL PROPERTY INVESTMENTS,45,40,35
HSN,HANSEN TECHNOLOGIES LIMITED,50,45,40
HUB,HUB24 LIMITED,50,45,40
HVN,HARVEY NORMAN HOLDINGS LIMITED,70,65,60
HVST,BETASHARES AUSTRALIAN DIVIDEND HARVESTER FUND (MANAGED),75,70,65
HYGG,HYPERION GBL GROWTH COMPANIES FUND (MANAGED FUND),75,70,65
IAA,ISHARES ASIA 50 ETF,70,65,60
IAF,ISHARES CORE COMPOSITE BOND ETF,80,75,70
IAG,INSURANCE AUSTRALIA GROUP LIMITED,80,75,70
IAGPE,INSURANCE AUSTRALIA GROUP LIMITED,80,75,70
IAGPF,INSURANCE AUSTRALIA GROUP LIMITED,80,75,70
IDX,INTEGRAL DIAGNOSTICS LIMITED,45,40,35
IEL,IDP EDUCATION LIMITED,60,55,50
IEM,ISHARES MSCI EMERGING MARKETS ETF,75,70,65
IEU,ISHARES EUROPE ETF,75,70,65
IFL,INSIGNIA FINANCIAL LTD,60,55,50
IFM,INFOMEDIA LTD,50,45,40
IFRA,VANECK FTSE GLOBAL INFRASTRUCTURE (AUD HEDGED) ETF,70,65,60
IGO,IGO LIMITED,65,60,55
IHD,ISHARES S&P/ASX DIV OPPORTUNITIES ESG SCREENED ETF,80,75,70
IHOO,ISHARES GLOBAL 100 AUD HEDGED ETF,75,70,65
IHVV,ISHARES S&P500 AUD HEDGED ETF,80,75,70
IHWL,ISHARES CORE MSCI WORLD EX AUS ESG (AUD HED) ETF,70,65,60
IIGF,INTELLIGENT INVESTOR AUS EQUITY GROWTH FUND (MANAGED),60,55,50
IIND,BETASHARES INDIA QUALITY ETF,65,60,55
IJH,ISHARES S&P MID-CAP ETF,75,70,65
IJP,ISHARES MSCI JAPAN ETF,80,75,70
IJR,ISHARES S&P SMALL-CAP ETF,75,70,65
IKO,ISHARES MSCI SOUTH KOREA ETF,65,60,55
ILB,ISHARES GOVERNMENT INFLATION ETF,75,70,65
ILC,ISHARES S&P/ASX20 ETF,80,75,70
ILU,ILUKA RESOURCES LIMITED,70,65,60
IMA,IMAGE RESOURCES NL,40,0,0
IMD,IMDEX LIMITED,50,45,40
INA,INGENIA COMMUNITIES GROUP,60,55,50
INCM,BETASHARES GLOBAL INCOME LEADERS ETF,65,60,55
INES,INTELLIGENT INVESTOR ETHICAL SHARE FUND (MANAGED),65,60,55
ING,INGHAMS GROUP LIMITRD,60,55,50
INIF,INTELLIGENT INVESTOR AUS EQUITY INCOME FUND (MANAGED),65,60,55
IOO,ISHARES GLOBAL 100 ETF,75,70,65
IOZ,ISHARES CORE S&P/ASX200 ETF,80,75,70
IPH,IPH LIMITED,60,55,50
IPL,INCITEC PIVOT LIMITED,70,65,60
IRE,IRESS LIMITED,65,60,55
IRI,INTEGRATED RESEARCH LIMITED,40,0,0
ISEC,ISHARES ENHANCED CASH ETF,80,75,70
ISO,ISHARES S&P/ASX SMALL ORDINARIES ETF,70,65,60
IVE,ISHARES MSCI EAFE ETF,80,75,70
IVV,ISHARES S&P 500 ETF,80,75,70
IWLD,ISHARES CORE MSCI WORLD EX AUSTRALIA ESG ETF,75,70,65
IXI,ISHARES GLOBAL CONSUMER STAPLES ETF,70,65,60
IXJ,ISHARSS GLOBAL HEALTHCARE ETF,70,65,60
IZZ,ISHARES CHINA LARGE-CAP ETF,65,60,55
JBH,JB HI-FI LIMITED,75,70,65
JDO,JUDO CAPITAL HOLDINGS LIMITED,50,45,40
JHX,JAMES HARDIE INDUSTRIES PLC,70,65,60
JIN,JUMBO INTERACTIVE LIMITED,50,45,40
JLG,JOHNS LYNG GROUP LIMITED,50,45,40
JMS,JUPITER MINES LIMITED,40,0,0
KAR,KAROON ENERGY LTD,45,40,35
KGN,KOGAN.COM LTD,45,40,35
KLS,KELSIAN GROUP LIMITED,60,55,50
KMD,KMD BRANDS LIMITED,45,40,35
KSL,KINA SECURITIES LIMITED,40,35,30
LIC,LIFESTYLE COMMUNITIES LIMITED,50,45,40
LLC,LENDLEASE GROUP,65,60,55
LOV,LOVISA HOLDINGS LIMITED,50,45,40
LPGD,LOFTUS PEAK GLOBAL DISRUPTION FUND (MANAGED),65,60,55
LSF,L1 LONG SHORT FUND LIMITED,60,55,50
LTR,LIONTOWN RESOURCES LIMITED,40,0,0
LYC,LYNAS RARE EARTHS LIMITED,55,50,45
MAET,MUNRO GLOBAL GROWHT FUND COMPLEX ETF,55,50,45
MAH,MACMAHON HOLDINGS LIMITED,40,0,0
MAQ,MACQUARIE TECHNOLOGY GROUP LIMITED,40,35,30
MBLPC ,MACQUARIE BANK LIMITED,80,75,70
MBLPD,MACQUARIE BANK LIMITED,80,75,70
MCY,MERCURY NZ LIMITED,40,0,0
MEZ,MERIDIAN ENERGY LIMITED,50,45,40
MFF,MFF CAPITAL INVESTMENT LIMITED,75,70,65
MFG,MAGELLAN FINANCIAL GROUP LIMITED,55,50,45
MGH,MAAS GROUP HOLDINGS LIMITED,45,40,35
MGOC,MAGELLAN GLOBAL FUND (OPEN CLASS) (MANAGED),75,70,65
MGR,MIRVAC GROUP,70,65,60
MGX,MOUNT GIBSON IRON LIMITED,40,35,30
MHHT,MAGELLAN HIGH CONVICTION TRUST (MANAGED),65,60,55
MICH,MAGELLAN INFRASTRUCTURE FUND (CURRENCY HEDGED) (MANAGED),75,70,65
MIN,MINERAL RESOURCES LIMITED,60,55,50
MIR,MIRRABOOKA INVESTMENTS LIMITED,60,55,50
MLX,METALS X LIMITED,40,0,0
MMS,MCMILLAN SHAKESPEARE LIMITED,65,60,55
MND,MONADELPHOUS GROUP LIMITED,65,60,55
MNRS,BETASHARES GLOBAL GOLD MINERS ETF - CURRENCY,65,60,55
MOAT,VANECK MORNINGSTAR WIDE MOAT ETF,75,70,65
MOGL,MONTAKA GBL LONG ONLY EQUITIES FUND (MANAGED),65,60,55
MOT,METRICS INCOME OPPORTUNITIES TRUST,45,40,35
MPL,MEDIBANK PRIVATE LIMITED,70,65,60
MQG,MACQUARIE GROUP LIMITED,80,75,70
MQGPD,MACQUARIE GROUP LIMITED,80,75,70
MQGPE,MACQUARIE GROUP LIMITED,80,75,70
MQGPF,MACQUARIE GROUP LIMITED,80,75,70
MTS,METCASH LIMITED,70,65,60
MVA,VANECK AUSTRALIAN PROPERTY ETF,70,65,60
MVB,VANECK AUSTRALIAN BANKS ETF,80,75,70
MVE,VANECK S&P/ASX MIDCAP ETF,80,75,70
MVR,VANECK AUSTRALIAN RESOURCES ETF,75,70,65
MVW,VANECK AUSTRALIAN EQUAL WEIGHT ETF,75,70,65
MXT,METRICS MASTER INCOME TRUST,40,35,30
MYR,MYER HOLDINGS LIMITED,40,35,30
MYS,MYSTATE LIMITED,45,40,35
NAB,NATIONAL AUSTRALIA BANK LIMITED,80,75,70
NABPF,NATIONAL AUSTRALIA BANK LIMITED,80,75,70
NABPH,NATIONAL AUSTRALIA BANK LIMITED,80,75,70
NABPI,NATIONAL AUSTRALIA BANK LIMITED,80,75,70
NABPJ,NATIONAL AUSTRALIA BANK LIMITED,80,75,70
NAN,NANOSONICS LIMITED,50,45,40
NCK,NICK SCALI LIMITED,55,50,45
NDIA,GLOBAL X INDIA NIFTY 50 ETF,70,65,60
NDQ,BETASHARES NASDAQ 100 ETF,80,75,70
NEC,NINE ENTERTAINMENT CO HOLDINGS LIMITED,65,60,55
NEM,NEWMONT CORPORATION,75,70,65
NEU,NEUREN PHARMACEUTICALS LIMITED,40,0,0
NGI,NAVIGATOR GLOBAL INVESTMENTS LIMITED,45,40,35
NHC,NEW HOPE CORPORATION LIMITED,55,50,45
NHF,NIB HOLDINGS LIMITED,70,65,60
NIC,NICKEL INDUSTRIES LIMITED,40,0,0
NSR,NATIONAL STORAGE REIT,50,45,40
NST,NORTHERN STAR RESOURCES LTD,70,65,60
NUF,NUFARM LIMITED,65,60,55
NWH,NRW HOLDINGS LIMITED,45,40,35
NWL,NETWEALTH GROUP LIMITED,60,55,50
NWS,NEWS CORPORATION,65,60,55
NXT,NEXTDC LIMITED,60,55,50
OBL,OMNI BRIDGEWAY LIMITED,45,40,35
OCL,OBJECTIVE CORPORATION LIMITED,40,0,0
OFX,OFX GROUP LIMITED,50,45,40
OML,OOH!MEDIA LIMITED,40,35,30
OOO,BETASHARES CRUDE OIL INDEX ETF-CURRENCY HEDGED (SYNTHETIC),45,40,35
OPH,OPHIR HIGH CONVICTION FUND,55,50,45
ORA,ORORA LIMITED,60,55,50
ORG,ORIGIN ENERGY LIMITED,50,45,40
ORI,ORICA LIMITED,75,70,65
OZF,SPDR S&P/ASX 200 FINANCIALS EX A-REIT FUND,80,75,70
OZR,SPDR S&P/ASX 200 RESOURCES FUND,80,75,70
PAC,PACIFIC CURRENT GROUP LIMITED,50,45,40
PAI,PLATINUM ASIA INVESTMENTS LIMITED,65,60,55
PAXX,PLATINUM ASIA FUND (QUOTED MANAGED HEDGE FUND),75,70,65
PDN,PALADIN ENERGY LTD,40,0,0
PE1,PENGANA PRIVATE EQUITY TRUST,40,0,0
PFP,PROPEL FUNERAL PARTNERS LIMITED,50,45,40
PGF,PM CAPITAL GLOBAL OPPORTUNITIES FUND LIMITED,65,60,55
PGH,PACT GROUP HOLDINGS LTD,40,0,0
PIA,PENGANA INTERNATIONAL EQUITIES LIMITED,65,60,55
PIC,PERPETUAL EQUITY INVESTMENT COMPANY LIMITED,70,65,60
PIXX,PLATINUM INTERNATIONAL FUND (QUOTED MANAGED HEDGEFUND),75,70,65
PL8,PLATO INCOME MAXIMISER LIMITED,65,60,55
PLS,PILBARA MINERALS LIMITED,45,40,35
PMC,PLATINUM CAPITAL LIMITED,60,55,50
PME,PRO MEDICUS LIMITED,50,45,40
PMGOLD,PERTH MINT GOLD A,75,70,65
PMV,PREMIER INVESTMENTS LIMITED,65,60,55
PNI,PINNACLE INVESTMENT MANAGEMENT GROUP LIMITED,60,55,50
PNV,POLYNOVO LIMITED,40,0,0
PPC,PEET LIMITED,40,0,0
PPM,PEPPER MONEY LIMITED,40,0,0
PPS,PRAEMIUM LIMITED,40,35,30
PPT,PERPETUAL LIMITED ,65,60,55
PRN,PERENTI LIMITED,40,0,0
PRU,PERSEUS MINING LIMITED,65,60,55
PTM,PLATINUM ASSET MANAGEMENT LIMITED,55,50,45
PWH,PWR HOLDINGS LIMITED,55,50,45
PXA,PEXA GROUP LIMITED,55,50,45
QAN,QANTAS AIRWAYS LIMITED,75,70,65
QAU,BETASHARES GOLD BULLION ETF - CURRENCY HEDGED,80,75,70
QBE,QBE INSURANCE GROUP LIMITED,75,70,65
QFN,BETASHARES AUSTRALIAN FINANCIALS SECTOR ETF,80,75,70
QHAL,VANECK MSCI INTERNATIONAL QUALITY (AUD HEDGED) ETF,75,70,65
QLTY,BETASHARES GLOBAL QUALITY LEADERS ETF,70,65,60
QOZ,BETASHARES FTSE RAFI AUSTRALIA 200 ETF,80,75,70
QPON,BETASHARES AUSTRALIAN BANK SENIOR FLOATING RATE BOND ETF,80,75,70
QRE,BETASHARES AUSTRALIAN RESOURCES SECTOR ETF,80,75,70
QSML,VANECK MSCI INTL SMALL COMPANIES QUALITY ETF,75,70,65
QUAL,VANECK MSCI INTERNATIONAL QUALITY ETF,75,70,65
QUB,QUBE HOLDINGS LIMITED,70,65,60
QUS,BETASHARES S&P 500 EQUAL WEIGHT ETF,75,70,65
RARI,RUSSELL INVESTMENTS AUSTRALIAN RESPONSIBLE INVESTMENT ETF,75,70,65
RBTZ,BETASHARES GLOBAL ROBOTICS AND ARTIFICIAL INTELLIGENCE ETF,65,60,55
RCAP,RESOLUTION CAP GLOBAL PROP SEC (MANAGED FUND),75,70,65
RDV,RUSSELL INVESTMENTS HIGH DIVIDEND AUSTRALIAN SHARES ETF,80,75,70
REA,REA GROUP LTD,65,60,55
REG,REGIS HEALTHCARE LIMITED,40,35,30
REH,REECE LIMITED,60,55,50
REIT,VANECK FTSE INTERNATIONAL PROPERTY (AUD HEDGED) ETF,60,55,50
REP ,RAM ESSENTIAL SERVICES PROPERTY FUND,45,40,35
RF1,REGAL INVESTMENT FUND,45,40,35
RFF,RURAL FUNDS GROUP,55,50,45
RG8,REGAL ASIAN INVESTMENTS LIMITED,50,45,40
RGN,REGION GROUP,70,65,60
RHC,RAMSAY HEALTH CARE LIMITED,70,65,60
RHCPA,RAMSAY HEALTH CARE LIMITED,70,65,60
RIC,RIDLEY CORPORATION LIMITED,50,45,40
RIO,RIO TINTO LIMITED,80,75,70
RMD,RESMED INC.,70,65,60
RMS,RAMELIUS RESOURCES LIMITED,50,45,40
ROBO,GLOBAL X ROBO GLOBAL ROBOTICS AND AUTOMATION ETF,65,60,55
RPL,REGAL PARTNERS LIMITED,40,0,0
RRL,REGIS RESOURCES LIMITED,55,50,45
RUL,RPMGLOBAL HOLDINGS LIMITED,40,0,0
RWC,RELIANCE WORLDWIDE CORPORATION LIMITED,60,55,50
S32,SOUTH32 LIMITED,75,70,65
SCG,SCENTRE GROUP,70,65,60
SDF,STEADFAST GROUP LIMITED,65,60,55
SDR,SITEMINDER LIMITED,40,0,0
SEC,SPHERIA EMERGING COMPANIES LIMITED,65,60,55
SEK,SEEK LIMITED,70,65,60
SEMI,GLOBAL X SEMICONDUCTOR ETF,65,60,55
SFR,SANDFIRE RESOURCES LIMITED,55,50,45
SFY,SPDR S&P/ASX50 FUND,80,75,70
SGF,SG FLEET GROUP LIMITED,40,35,30
SGH,SGH LIMITED,70,65,60
SGM,SIMS LIMITED,65,60,55
SGP,STOCKLAND,75,70,65
SHL,SONIC HEALTHCARE LIMITED,75,70,65
SHV,SELECT HARVESTS LIMITED,45,40,35
SIG,SIGMA HEALTHCARE LIMITED,40,35,30
SIQ,SMARTGROUP CORPORATION LTD,60,55,50
SKC,SKYCITY ENTERTAINMENT GROUP LIMITED,45,40,35
SLC,SUPERLOOP LIMITED,40,35,30
SLF,SPDR S&P/ASX 200 LISTED PROPERTY FUND,70,65,60
SMR,STANMORE RESOURCES LIMITED,40,0,0
SOL,WASHINGTON H SOUL PATTINSON & COMPANY LIMITED,65,60,55
SPK,SPARK NEW ZEALAND LIMITED,70,65,60
SPY,SPDR S&P 500 ETF TRUST,80,75,70
SQ2,BLOCK INC.,40,35,30
SRV,SERVCORP LIMITED,40,0,0
SSM,SERVICE STREAM LIMITED,55,50,45
SSR,SSR MINING INC.,40,0,0
STO,SANTOS LIMITED,75,70,65
STW,SPDR S&P / ASX 200 FUND,80,75,70
SUL,SUPER RETAIL GROUP LIMITED,70,65,60
SUN,SUNCORP GROUP LIMITED,75,70,65
SUNPH,SUNCORP GROUP LIMITED,70,65,60
SUNPI,SUNCORP GROUP LIMITED,75,70,65
SUNPJ,SUNCORP GROUP LIMITED,75,70,65
SVR,SOLVAR LIMITED,40,0,0
SWM,SEVEN WEST MEDIA LIMITED,40,0,0
SWTZ,SWITZER DIVIDEND GROWTH FUND (MANAGED),75,70,65
SXL,SOUTHERN CROSS MEDIA GROUP LIMITED,40,0,0
SYI,SPDR MSCI AUSTRALIA SELECT HIGH DIVIDEND YIELD FUND,80,75,70
TAH,TABCORP HOLDINGS LIMITED,65,60,55
TCL,TRANSURBAN GROUP,80,75,70
TECH,GLOBAL X MORNINGSTAR GLOBAL TECHNOLOGY ETF,65,60,55
TER,TERRACOM LIMITED,40,0,0
TLC,THE LOTTERY CORPORATION LIMITED,65,60,55
TLS,TELSTRA GROUP LIMITED,80,75,70
TLX,TELIX PHARMACEUTICALS LIMITED,50,45,40
TNE,TECHNOLOGY ONE LIMITED,70,65,60
TPG,TPG TELECOM LIMITED,60,55,50
TPW,TEMPLE AND WEBSTER GROUP LTD,40,0,0
TRS,THE REJECT SHOP LIMITED,45,40,35
TUA,TUAS LIMITED,40,0,0
TWE,TREASURY WINE ESTATES LIMITED,70,65,60
UMAX,BETASHARES S&P 500 YIELD MAXIMISER FUND (MANAGED),70,65,60
URNM,BETASHARES GLOBAL URANIUM ETF,60,55,50
URW,UNIBAIL-RODAMCO-WESTFIELD,40,0,0
USD,BETASHARES U.S. DOLLAR ETF,80,75,70
VAE,VANGUARD FTSE ASIA EX JAPAN SHARES INDEX ETF,70,65,60
VAF,VANGUARD AUSTRALIAN FIXED INTEREST INDEX ETF,80,75,70
VAP,VANGUARD AUSTRALIAN PROPERTY SECURITIES INDEX ETF,75,70,65
VAS,VANGUARD AUSTRALIAN SHARES INDEX ETF,80,75,70
VAU,VAULT MINERALS LIMITED,45,40,35
VBLD,VANGUARD GLOBAL INFRASTRUCTURE INDEX ETF,70,65,60
VBND,VANGUARD GLOBAL AGGREGATE BOND INDEX (HEDGED) ETF,75,70,65
VCX,VICINITY CENTRES,70,65,60
VDBA,VANGUARD DIVERSIFIED BALANCED INDEX ETF,70,65,60
VDCO,VANGUARD DIVERSIFIED CONSERVATIVE INDEX ETF,75,70,65
VDGR,VANGUARD DIVERSIFIED GROWTH INDEX ETF,65,60,55
VDHG,VANGUARD DIVERSIFIED HIGH GROWTH INDEX ETF,75,70,65
VEA,VIVA ENERGY GROUP LIMITED,65,60,55
VEQ,VANGUARD FTSE EUROPE SHARES ETF,70,65,60
VESG,VANGUARD ETHICALLY CONSCIOUS INTERNATIONAL SHARES INDEX ETF,75,70,65
VETH,VANGUARD ETHICALLY CONSCIOUS AUSTRALIAN SHARES ETF,75,70,65
VEU,VANGUARD ALL-WORLD EX-US SHARES INDEX ETF,70,65,60
VG1,VGI PARTNERS GLOBAL INVESTMENTS LIMITED,65,60,55
VGAD,VANGUARD MSCI INDEX INTERNATIONAL SHARES (HEDGED) ETF,80,75,70
VGB,VABGUARD AUSTRALIAN GOVERNMENT BOND INDEX ETF,80,75,70
VGE,VANGUARD FTSE EMERGING MARKETS SHARES ETF,65,60,55
VGS,VANGUARD MSCI INDEX INTERNATIONAL SHARES ETF,80,75,70
VHY,VANGUARD AUSTRALIAN SHARES HIGH YIELD ETF,80,75,70
VIF,VANGUARD INTERNATIONAL FIXED INTEREST INDEX (HEDGED) ETF,75,70,65
VISM,VANGUARD MSCI INTERNATIONAL SMALL COMPANIES INDEX ETF,70,65,60
VLC,VANGUARD MSCI AUSTRALIAN LARGE COMPANIES INDEX ETF,80,75,70
VNT,VENTIA SERVICES GROUP LIMITED,45,40,35
VSO,VANGUARD MSCI AUSTRALIAN SMALL COMPANIES INDEX ETC,70,65,60
VTS,VANGUARD US TOTAL MARKET SHARES INDEX ETF,80,75,70
VVLU,VANGUARD GLOBAL VALUE EQUITY ACTIVE ETF,70,65,60
WAF,WEST AFRICAN RESOURCES LIMITED,40,35,30
WAM,WAM CAPITAL LIMITED,70,65,60
WAR,WAM STRATEGIC VALUE LIMITED,55,50,45
WAX,WAM RESEARCH LIMITED,45,40,35
WBC,WESTPAC BANKING CORPORATION,80,75,70
WBCPH,WESTPAC BANKING CORPORATION,80,75,70
WBCPJ,WESTPAC BANKING CORPORATION,80,75,70
WBCPK,WESTPAC BANKING CORPORATION,80,75,70
WBCPL,WESTPAC BANKING CORPORATION,80,75,70
WBCPM,WESTPAC BANKING CORPORATION,80,75,70
WDIV,SPDR S&P GLOBAL DIVIDEND FUND,70,65,60
WDMF,ISHARES WORLD EQUITY FACTOR ETF,65,60,55
WDS,WOODSIDE ENERGY GROUP LTD,75,70,65
WEB,WEB TRAVEL GROUP LIMITED,65,60,55
WES,WESFARMERS LIMITED,80,75,70
WGB,WAM GLOBAL LIMITED,65,60,55
WGN,WAGNERS HOLDING COMPANY LIMITED,40,0,0
WGX,WESTGOLD RESOURCES LIMITED,45,40,35
WHC,WHITEHAVEN COAL LIMITED,55,50,45
WHF,WHITEFIELD INDUSTRIALS LIMITED,65,60,55
WJL,WEBJET GROUP LIMITED,60,55,50
WLE,WAM LEADERS LIMITED,65,60,55
WMI,WAM MICROCAP LIMITED,55,50,45
WOR,WORLEY LIMITED,65,60,55
WOW,WOOLWORTHS GROUP LIMITED,80,75,70
WPR,WAYPOINT REIT,70,65,60
WQG,WCM GLOBAL GROWTH LIMITED,65,60,55
WRLD,BETASHARES MANAGED RISK GLOBAL SHARE FUND (MANAGED),70,65,60
WTC,WISETECH GLOBAL LIMITED,55,50,45
WVOL,ISHARES MSCI WORLD EX AUST MINIMUM VOLATILITY ETF,75,70,65
WXHG,SPDR S&P WORLD EX AUS CARBON CONTROL (HEDGED) FUND,75,70,65
WXOZ,SPDR S&P WORLD EX AUSTRALIA CARBON CONTROL FUND,75,70,65
XRO,XERO LIMITED,55,50,45
YAL,YANCOAL AUSTRALIA LIMITED,40,35,30
YANK,BETASHARES STRONG U.S DOLLAR FUND (HEDGE),50,45,40
YMAX,BETASHARES AUS TOP 20 EQUITY YIELD MAX FUND (MANAGED),75,70,65
ZIP,ZIP CO LIMITED,40,0,0
ZYAU,GLOBAL X S&P/ASX 200 HIGH DIVIDEND ETF,75,70,65
ZYUS,GLOBAL X S&P 500 HIGH YIELD LOW VOLATILITY ETF,70,65,60
