"code","name","portfolio_lvr","standard_lvr","single_lvr"
"BLX","BEACON LIGHTING GROUP LIMITED","40","35","30"
"A1N","ARN MEDIA LIMITED","40","0","0"
"CURRENCY","HEDGED","70","65","60"
"200","ETF","80","75","70"
"BOQ","BANK OF QUEENSLAND LIMITED","70","65","60"
"A2","MILK COMPANY LIMITED","60","55","50"
"BOQPF","BANK OF QUEENSLAND LIMITED","70","65","60"
"AAA","BETASHARES AUSTRALIAN HIGH INTEREST CASH ETF","90","85","80"
"BPT","BEACH ENERGY LIMITED","60","55","50"
"AAC","AUSTRALIAN AGRICULTURAL COMPANY LIMITED","50","45","40"
"BRG","BREVILLE GROUP LIMITED","60","55","50"
"AAI","ALCOA CORPORATION","65","60","55"
"BSL","BLUESCOPE STEEL LIMITED","75","70","65"
"ABA","AUSWIDE BANK LTD","45","40","35"
"BWP","BWP TRUST","70","65","60"
"ABB","AUSSIE BROADBAND LIMITED","40","35","30"
"BXB","BRAMBLES LIMITED","80","75","70"
"ABG","ABACUS GROUP","60","55","50"
"CAR","CAR GROUP LIMITED","70","65","60"
"LITHIUM","ETF","65","60","55"
"CBA","COMMONWEALTH BANK OF AUSTRALIA","80","75","70"
"ACL","AUSTRALIAN CLINICAL LABS LIMITED","50","45","40"
"CBAPG","COMMONWEALTH BANK OF AUSTRALIA","80","75","70"
"AD8","AUDINATE GROUP LIMITED","40","0","0"
"CBAPI","COMMONWEALTH BANK OF AUSTRALIA","80","75","70"
"ADH","ADAIRS LIMITED","45","40","35"
"CBAPJ","COMMONWEALTH BANK OF AUSTRALIA","80","75","70"
"ADT","ADRIATIC METALS PLC","40","0","0"
"CBAPK","COMMONWEALTH BANK OF AUSTRALIA","80","75","70"
"AEF","AUSTRALIAN ETHICAL INVESTMENT LIMITED","40","35","30"
"CBAPL","COMMONWEALTH BANK OF AUSTRALIA","80","75","70"
"AEL","AMPLITUDE ENERGY LIMITED","40","35","30"
"CBAPM","COMMONWEALTH BANK OF AUSTRALIA","80","75","70"
"AFG","AUSTRALIAN FINANCE GROUP LTD","40","35","30"
"CBO","COBRAM ESTATE OLIVES LIMITED","40","0","0"
"AFI","AUSTRALIAN FOUNDATION INVESTMENT COMPANY LIMITED","75","70","65"
"CCP","CREDIT CORP GROUP LIMITED","40","0","0"
"CDA","CODAN LIMITED","55","50","45"
"CDM","CADENCE CAPITAL LIMITED","45","40","35"
"AIA","AUCKLAND INTERNATIONAL AIRPORT LIMITED","70","65","60"
"CDP","CARINDALE PROPERTY TRUST","40","0","0"
"AIS","AERIS RESOURCES LIMITED","40","0","0"
"CGF","CHALLENGER LIMITED","65","60","55"
"AIZ","AIR NEW ZEALAND LIMITED","45","40","35"
"CGFPC","CHALLENGER LIMITED","65","60","55"
"ALD","AMPOL LIMITED","70","65","60"
"CHC","CHARTER HALL GROUP","70","65","60"
"ALI","ARGO GLOBAL LISTED INFRASTRUCTURE LIMITED","60","55","50"
"CHN","CHALICE MINING LIMITED","40","0","0"
"ALK","ALKANE RESOURCES LIMITED","40","35","30"
"CIA","CHAMPION IRON LIMITED","50","45","40"
"ALL","ARISTOCRAT LEISURE LIMITED","75","70","65"
"CIN","CARLTON INVESTMENTS LIMITED","60","55","50"
"ALQ","ALS LIMITED","70","65","60"
"CIP","CENTURIA INDUSTRIAL REIT","60","55","50"
"ALX","ATLAS ARTERIA","75","70","65"
"CKF","COLLINS FOODS LIMITED","60","55","50"
"AMC","AMCOR PLC","75","70","65"
"CLDD","BETASHARES CLOUD COMPUTING ETF","60","55","50"
"AMH","AMCIL LIMITED","55","50","45"
"CLNE","VANECK GLOBAL CLEAN ENERGY ETF","65","60","55"
"AMP","AMP LIMITED","60","55","50"
"CLV","CLOVER CORPORATION LIMITED","40","0","0"
"AMPPB","AMP LIMITED","60","55","50"
"CLW","CHARTER HALL LONG WALE REIT","65","60","55"
"AN3PH","AUSTRALIA AND NEW ZEALAND BANKING GROUP LIMITED","80","75","70"
"CMM","CAPRICORN METALS LTD","45","40","35"
"AN3PI","AUSTRALIA AND NEW ZEALAND BANKING GROUP LIMITED","80","75","70"
"CMW","CROMWELL PROPERTY GROUP","60","55","50"
"AN3PJ","AUSTRALIA AND NEW ZEALAND BANKING GROUP LIMITED","80","75","70"
"CNEW","VANECK CHINA NEW ECONOMY ETF","55","50","45"
"AN3PK","AUSTRALIA AND NEW ZEALAND BANKING GROUP LIMITED","80","75","70"
"CNI","CENTURIA CAPITAL GROUP","60","55","50"
"AN3PL","AUSTRALIA AND NEW ZEALAND BANKING GROUP LIMITED","80","75","70"
"CNU","CHORUS LIMITED","65","60","55"
"ANN","ANSELL LIMITED","65","60","55"
"COF","CENTURIA OFFICE REIT","55","50","45"
"ANZ","ANZ GROUP HOLDINGS LIMITED","80","75","70"
"COH","COCHLEAR LIMITED","70","65","60"
"AOF","AUSTRALIAN UNITY OFFICE FUND","40","35","30"
"COL","COLES GROUP LIMITED","80","75","70"
"AOV","AMOTIV LIMITED","60","55","50"
"CPU","COMPUTERSHARE LIMITED","70","65","60"
"APA","APA GROUP","75","70","65"
"CQE","CHARTER HALL SOCIAL INFRASTRUCTURE REIT","60","55","50"
"APE","EAGERS AUTOMOTIVE LIMITED","55","50","45"
"CQR","CHARTER HALL RETAIL REIT","70","65","60"
"ARB","ARB CORPORATION LIMITED","65","60","55"
"CRED","BETASHARES AUSTRALIAN INVESTMENT GRADE CORPORATE BOND ","70","65","60"
"ARG","ARGO INVESTMENTS LIMITED","75","70","65"
"CSL","CSL LIMITED","80","75","70"
"ASB","AUSTAL LIMITED","60","55","50"
"CTD","CORPORATE TRAVEL MANAGEMENT LIMITED","65","60","55"
"ASIA","BETASHARES ASIA TECHNOLOGY TIGERS ETF","70","65","60"
"P","BIOTECH ETF","60","55","50"
"ASK","ABACUS STORAGE KING","65","60","55"
"CUV","CLINUVEL PHARMACEUTICALS LIMITED","50","45","40"
"ASX","ASX LIMITED","75","70","65"
"CWP","CEDAR WOODS PROPERTIES LIMITED","40","0","0"
"ASX","AUSTRALIAN TECHNOLOGY ETF","70","65","60"
"CWY","CLEANAWAY WASTE MANAGEMENT LIMITED","65","60","55"
"AUB","AUB GROUP LIMITED","70","65","60"
"DBI","DALRYMPLE BAY INFRASTRUCTURE LIMITED","40","0","0"
"AUI","AUSTRALIAN UNITED INVESTMENT COMPANY LIMITED","70","65","60"
"DDR","DICKER DATA LIMITED","60","55","50"
"AUMF","ISHARES EDGE MSCI AUSTRALIA MULTIFACTOR ETF","80","75","70"
"DGL","DGL GROUP LIMITED","40","0","0"
"AX1","ACCENT GROUP LIMITED","50","45","40"
"DGT","DIGICO INFRASTRUCTURE REIT","50","45","40"
"AZJ","AURIZON HOLDINGS LIMITED","75","70","65"
"DHG","DOMAIN HOLDINGS AUSTRALIA LIMITED","60","55","50"
"BAP","BAPCOR LIMITED","50","45","40"
"DHHF","BETASHARES DIVERSIFIED ALL GROWTH ETF","70","65","60"
"BBN","BABY BUNTING GROUP LIMITED","45","40","35"
"DJRE","SPDR DOW JONES GLOBAL REAL ESTATE ESG FUND","65","60","55"
"BCI","BCI MINERALS LIMITED","40","0","0"
"DJW","DJERRIWARRH INVESTMENTS LIMITED","70","65","60"
"S","PIZZA ENTERPRISES LIMITED","60","55","50"
"BEN","BENDIGO AND ADELAIDE BANK LIMITED","70","65","60"
"DOW","DOWNER EDI LIMITED","55","50","45"
"BENPH","BENDIGO AND ADELAIDE BANK LIMITED","70","65","60"
"DRIV","BETASHARES ELECTRIC VEHICLES AND FTR MOBILITY ETF","70","65","60"
"BENPI","BENDIGO AND ADELAIDE BANK LIMITED","70","65","60"
"DRR","DETERRA ROYALTIES LIMITED","65","60","55"
"BFG","BELL FINANCIAL GROUP LIMITED","40","0","0"
"CURRENCY","HEDGED","70","65","60"
"BGA","BEGA CHEESE LIMITED","50","45","40"
"3","LIMITED","50","45","40"
"BGBL","BETASHARES GLOBAL SHARES ETF","75","70","65"
"DUI","DIVERSIFIED UNITED INVESTMENT LIMITED","70","65","60"
"BGL","BELLEVUE GOLD LIMITED","40","0","0"
"DVDY","VANECK MORNINGSTAR AUSTRALIAN MOAT INCOME ETF","70","65","60"
"BHP","BHP GROUP LIMITED","80","75","70"
"DXC","DEXUS CONVENIENCE RETAIL REIT","50","45","40"
"BHYB","BETASHARES AUSTRALIAN MAJOR BANK HYBRIDS INDEX ETF","75","70","65"
"BKI","BKI INVESTMENT COMPANY LIMITED","70","65","60"
"DXS","DEXUS","65","60","55"
"BKW","BRICKWORKS LIMITED","70","65","60"
"DZZF","BETASHARES ETHICAL DIVERSIFIED HIGH GROWTH ETF","70","65","60"
"Name","EDV
ENDEAVOUR GROUP LIMITED","70","65","60"
"IKO","ISHARES MSCI SOUTH KOREA ETF","65","60","55"
"EHL","EMECO HOLDINGS LIMITED","40","35","30"
"ILB","ISHARES GOVERNMENT INFLATION ETF","75","70","65"
"ELD","ELDERS LIMITED","60","55","50"
"20","ETF","80","75","70"
"EMR","EMERALD RESOURCES NL","50","45","40"
"ILU","ILUKA RESOURCES LIMITED","70","65","60"
"EQT","EQT HOLDINGS LIMITED","50","45","40"
"IMA","IMAGE RESOURCES NL","40","0","0"
"ERTH","BETASHARES CLIMATE CHANGE INNOVATION ETF","65","60","55"
"IMD","IMDEX LIMITED","50","45","40"
"ESGI","VANECK MSCI INTERNATIONAL SUSTAINABLE EQUITY ETF","75","70","65"
"INA","INGENIA COMMUNITIES GROUP","60","55","50"
"ESPO","VANECK VIDEO GAMING AND ESPORTS ETF","70","65","60"
"INCM","BETASHARES GLOBAL INCOME LEADERS ETF","65","60","55"
"50","ETF","75","70","65"
"ETHI","BETASHARES GLOBAL SUSTAINABILITY LEADERS ETF","75","70","65"
"ING","INGHAMS GROUP LIMITED","60","55","50"
"ETPMAG","GLOBAL X PHYSICAL SILVER A","65","60","55"
"MANAGED","FUN","65","60","55"
"ETPMPT","GLOBAL X PHYSICAL PLATINUM A","55","50","45"
"100","ETF","75","70","65"
"EVN","EVOLUTION MINING LIMITED","70","65","60"
"200","ETF","80","75","70"
"EVT","EVT LIMITED","65","60","55"
"IPH","IPH LIMITED","60","55","50"
"20","PORTFOLIO DIVERSIFIER ETF","80","75","70"
"IPL","INCITEC PIVOT LIMITED","70","65","60"
"100","ETF","70","65","60"
"IRE","IRESS LIMITED","65","60","55"
"FAIR","BETASHARES AUSTRALIAN SUSTAINABILITY LEADERS ETF","80","75","70"
"IRI","INTEGRATED RESEARCH LIMITED","40","0","0"
"ISEC","ISHARES ENHANCED CASH ETF","80","75","70"
"FBU","FLETCHER BUILDING LIMITED","45","40","35"
"ASX","SMALL ORDINARIES ETF","70","65","60"
"FEMX","FIDELITY GLOBAL EMERGING MARKETS ACTIVE ETF","70","65","60"
"IVE","ISHARES MSCI EAFE ETF","80","75","70"
"FEX","FENIX RESOURCES LTD","40","0","0"
"500","ETF","80","75","70"
"FGG","FUTURE GENERATION GLOBAL LIMITED","65","60","55"
"IWLD","ISHARES CORE MSCI WORLD EX AUSTRALIA ESG ETF","75","70","65"
"FGX","FUTURE GENERATION AUSTRALIA LIMITED","70","65","60"
"IXI","ISHARES GLOBAL CONSUMER STAPLES ETF","70","65","60"
"FLT","FLIGHT CENTRE TRAVEL GROUP LIMITED","70","65","60"
"IXJ","ISHARES GLOBAL HEALTHCARE ETF","70","65","60"
"FMG","FORTESCUE LTD","65","60","55"
"CAP","ETF","65","60","55"
"CURRENCY","HEDGED","65","60","55"
"FI","LIMITED","75","70","65"
"PAYKEL","HEALTHCARE CORPORATION LIMITED","65","60","55"
"JDO","JUDO CAPITAL HOLDINGS LIMITED","50","45","40"
"CURRENCY","HEDGED","70","65","60"
"JHX","JAMES HARDIE INDUSTRIES PLC","70","65","60"
"FWD","FLEETWOOD LIMITED","40","35","30"
"JIN","JUMBO INTERACTIVE LIMITED","50","45","40"
"GDI","GDI PROPERTY GROUP","45","40","35"
"JLG","JOHNS LYNG GROUP LIMITED","50","45","40"
"GDX","VANECK GOLD MINERS ETF","70","65","60"
"JMS","JUPITER MINES LIMITED","40","0","0"
"G8","EDUCATION LIMITED","50","45","40"
"KAR","KAROON ENERGY LTD","45","40","35"
"CCY","HEDGED","80","75","70"
"COM","LTD","45","40","35"
"GMD","GENESIS MINERALS LIMITED","45","40","35"
"KLS","KELSIAN GROUP LIMITED","60","55","50"
"GMG","GOODMAN GROUP","75","70","65"
"KMD","KMD BRANDS LIMITED","45","40","35"
"GNC","GRAINCORP LIMITED","60","55","50"
"KSL","KINA SECURITIES LIMITED","40","35","30"
"GNE","GENESIS ENERGY LIMITED","45","40","35"
"LIC","LIFESTYLE COMMUNITIES LIMITED","50","45","40"
"GOAT","VANECK MORNINGSTAR INTERNATIONAL WIDE MOAT ETF","70","65","60"
"LLC","LENDLEASE GROUP","65","60","55"
"GOLD","GLOBAL X PHYSICAL GOLD","80","75","70"
"LOV","LOVISA HOLDINGS LIMITED","50","45","40"
"GOR","GOLD ROAD RESOURCES LIMITED","50","45","40"
"GOZ","GROWTHPOINT PROPERTIES AUSTRALIA","65","60","55"
"L1","LONG SHORT FUND LIMITED","60","55","50"
"GPT","GPT GROUP","70","65","60"
"LTR","LIONTOWN RESOURCES LIMITED","40","0","0"
"LYC","LYNAS RARE EARTHS LIMITED","55","50","45"
"GRNV","VANECK MSCI AUSTRALIAN SUSTAINABLE EQUITY ETF","80","75","70"
"MAET","MUNRO GLOBAL GROWTH FUND COMPLEX ETF","55","50","45"
"GRR","GRANGE RESOURCES LIMITED","40","0","0"
"MAH","MACMAHON HOLDINGS LIMITED","40","0","0"
"GVF","STAUDE CAPITAL GLOBAL VALUE FUND LIMITED","50","45","40"
"MAQ","MACQUARIE TECHNOLOGY GROUP LIMITED","40","35","30"
"GWA","GWA GROUP LIMITED","55","50","45"
"MBLPC","MACQUARIE BANK LIMITED","80","75","70"
"GYG","GUZMAN Y GOMEZ LIMITED","50","45","40"
"MBLPD","MACQUARIE BANK LIMITED","80","75","70"
"HACK","BETASHARES GLOBAL CYBERSECURITY ETF","70","65","60"
"MCY","MERCURY NZ LIMITED","40","0","0"
"MANAGED","FUND","80","75","70"
"MEZ","MERIDIAN ENERGY LIMITED","50","45","40"
"HCW","HEALTHCO HEALTHCARE AND WELLNESS REIT","45","40","35"
"MFF","MFF CAPITAL INVESTMENTS LIMITED","75","70","65"
"HDN","HOMECO DAILY NEEDS REIT","65","60","55"
"MFG","MAGELLAN FINANCIAL GROUP LIMITED","55","50","45"
"MGH","MAAS GROUP HOLDINGS LIMITED","45","40","35"
"HGEN","GLOBAL X HYDROGEN ETF","55","50","45"
"HLI","HELIA GROUP LIMITED","40","0","0"
"MGR","MIRVAC GROUP","70","65","60"
"HLS","HEALIUS LIMITED","40","0","0"
"MGX","MOUNT GIBSON IRON LIMITED","40","35","30"
"HLTH","VANECK GLOBAL HEALTHCARE LEADERS ETF","70","65","60"
"HM1","HEARTS AND MINDS INVESTMENTS LIMITED","65","60","55"
"HMC","HMC CAPITAL LIMITED","60","55","50"
"MIN","MINERAL RESOURCES LIMITED","60","55","50"
"100","CURRENCY HEDGED ETF","75","70","65"
"MIR","MIRRABOOKA INVESTMENTS LIMITED","60","55","50"
"HPG","HIPAGES GROUP HOLDINGS LTD","40","0","0"
"MLX","METALS X LIMITED","40","0","0"
"HPI","HOTEL PROPERTY INVESTMENTS","45","40","35"
"MMS","MCMILLAN SHAKESPEARE LIMITED","65","60","55"
"HSN","HANSEN TECHNOLOGIES LIMITED","50","45","40"
"MND","MONADELPHOUS GROUP LIMITED","65","60","55"
"HUB24","LIMITED","50","45","40"
"CURRENCY","HEDGED","65","60","55"
"HVN","HARVEY NORMAN HOLDINGS LIMITED","70","65","60"
"MOAT","VANECK MORNINGSTAR WIDE MOAT ETF","75","70","65"
"MOT","METRICS INCOME OPPORTUNITIES TRUST","45","40","35"
"50","ETF","70","65","60"
"MPL","MEDIBANK PRIVATE LIMITED","70","65","60"
"IAF","ISHARES CORE COMPOSITE BOND ETF","80","75","70"
"MQG","MACQUARIE GROUP LIMITED","80","75","70"
"IAG","INSURANCE AUSTRALIA GROUP LIMITED","80","75","70"
"MQGPD","MACQUARIE GROUP LIMITED","80","75","70"
"IAGPE","INSURANCE AUSTRALIA GROUP LIMITED","80","75","70"
"MQGPE","MACQUARIE GROUP LIMITED","80","75","70"
"IAGPF","INSURANCE AUSTRALIA GROUP LIMITED","80","75","70"
"MQGPF","MACQUARIE GROUP LIMITED","80","75","70"
"IDX","INTEGRAL DIAGNOSTICS LIMITED","45","40","35"
"MTS","METCASH LIMITED","70","65","60"
"IEL","IDP EDUCATION LIMITED","65","60","55"
"MVA","VANECK AUSTRALIAN PROPERTY ETF","70","65","60"
"IEM","ISHARES MSCI EMERGING MARKETS ETF","75","70","65"
"MVB","VANECK AUSTRALIAN BANKS ETF","80","75","70"
"IEU","ISHARES EUROPE ETF","75","70","65"
"ASX","MIDCAP ETF","80","75","70"
"IFL","INSIGNIA FINANCIAL LTD","60","55","50"
"MVR","VANECK AUSTRALIAN RESOURCES ETF","75","70","65"
"IFM","INFOMEDIA LTD","50","45","40"
"MVW","VANECK AUSTRALIAN EQUAL WEIGHT ETF","75","70","65"
"MXT","METRICS MASTER INCOME TRUST","40","35","30"
"IGO","IGO LIMITED","65","60","55"
"MYR","MYER HOLDINGS LIMITED","40","35","30"
"ASX","DIV OPPORTUNITIES ESG SCREENED ETF","80","75","70"
"MYS","MYSTATE LIMITED","45","40","35"
"100","AUD HEDGED ETF","75","70","65"
"NAB","NATIONAL AUSTRALIA BANK LIMITED","80","75","70"
"500","AUD HEDGED ETF","80","75","70"
"NABPF","NATIONAL AUSTRALIA BANK LIMITED","80","75","70"
"NABPH","NATIONAL AUSTRALIA BANK LIMITED","80","75","70"
"MANAGED","FU","60","55","50"
"NABPI","NATIONAL AUSTRALIA BANK LIMITED","80","75","70"
"NABPJ","NATIONAL AUSTRALIA BANK LIMITED","80","75","70"
"CAP","ETF","75","70","65"
"NAN","NANOSONICS LIMITED","50","45","40"
"IJP","ISHARES MSCI JAPAN ETF","80","75","70"
"NCK","NICK SCALI LIMITED","55","50","45"
"CAP","ETF","75","70","65"
"50","ETF","70","65","60"
"100","ETF","80","75","70"
"RUL","RPMGLOBAL HOLDINGS LIMITED","40","0","0"
"HOLDINGS","LIMITED","65","60","55"
"RWC","RELIANCE WORLDWIDE CORPORATION LIMITED","60","55","50"
"NEM","NEWMONT CORPORATION","75","70","65"
"SOUTH32","LIMITED","75","70","65"
"NEU","NEUREN PHARMACEUTICALS LIMITED","40","0","0"
"SBM","ST BARBARA LIMITED","45","40","35"
"NGI","NAVIGATOR GLOBAL INVESTMENTS LIMITED","45","40","35"
"SCG","SCENTRE GROUP","70","65","60"
"NHC","NEW HOPE CORPORATION LIMITED","55","50","45"
"SDF","STEADFAST GROUP LIMITED","65","60","55"
"NHF","NIB HOLDINGS LIMITED","70","65","60"
"SDR","SITEMINDER LIMITED","40","0","0"
"NIC","NICKEL INDUSTRIES LIMITED","40","0","0"
"SEC","SPHERIA EMERGING COMPANIES LIMITED","65","60","55"
"NSR","NATIONAL STORAGE REIT","50","45","40"
"SEK","SEEK LIMITED","70","65","60"
"NST","NORTHERN STAR RESOURCES LTD","70","65","60"
"SEMI","GLOBAL X SEMICONDUCTOR ETF","65","60","55"
"NUF","NUFARM LIMITED","65","60","55"
"SFR","SANDFIRE RESOURCES LIMITED","55","50","45"
"NWH","NRW HOLDINGS LIMITED","45","40","35"
"50","FUND","80","75","70"
"NWL","NETWEALTH GROUP LIMITED","60","55","50"
"SGF","SG FLEET GROUP LIMITED","40","35","30"
"SGH","SGH LIMITED","70","65","60"
"NXT","NEXTDC LIMITED","60","55","50"
"SGM","SIMS LIMITED","65","60","55"
"OBL","OMNI BRIDGEWAY LIMITED","45","40","35"
"SGP","STOCKLAND","75","70","65"
"OCL","OBJECTIVE CORPORATION LIMITED","40","0","0"
"SHL","SONIC HEALTHCARE LIMITED","75","70","65"
"OFX","OFX GROUP LIMITED","50","45","40"
"SHV","SELECT HARVESTS LIMITED","45","40","35"
"MEDIA","LIMITED","40","35","30"
"SIG","SIGMA HEALTHCARE LIMITED","40","35","30"
"SIQ","SMARTGROUP CORPORATION LTD","60","55","50"
"OPH","OPHIR HIGH CONVICTION FUND","55","50","45"
"SKC","SKYCITY ENTERTAINMENT GROUP LIMITED","45","40","35"
"ORA","ORORA LIMITED","60","55","50"
"SLC","SUPERLOOP LIMITED","40","35","30"
"ORG","ORIGIN ENERGY LIMITED","50","45","40"
"200","LISTED PROPERTY FUND","70","65","60"
"ORI","ORICA LIMITED","75","70","65"
"SMR","STANMORE RESOURCES LIMITED","40","0","0"
"REIT","FUND","80","75","70"
"COMPANY","LIMITED","65","60","55"
"200","RESOURCES FUND","80","75","70"
"SPK","SPARK NEW ZEALAND LIMITED","70","65","60"
"PAC","PACIFIC CURRENT GROUP LIMITED","50","45","40"
"500","ETF TRUST","80","75","70"
"PAI","PLATINUM ASIA INVESTMENTS LIMITED","65","60","55"
"SRV","SERVCORP LIMITED","40","0","0"
"PDN","PALADIN ENERGY LTD","40","0","0"
"SSM","SERVICE STREAM LIMITED","55","50","45"
"PE1","PENGANA PRIVATE EQUITY TRUST","40","0","0"
"PFP","PROPEL FUNERAL PARTNERS LIMITED","50","45","40"
"STO","SANTOS LIMITED","75","70","65"
"PGF","PM CAPITAL GLOBAL OPPORTUNITIES FUND LIMITED","65","60","55"
"200","FUND","80","75","70"
"PGH","PACT GROUP HOLDINGS LTD","40","0","0"
"SUL","SUPER RETAIL GROUP LIMITED","70","65","60"
"PIA","PENGANA INTERNATIONAL EQUITIES LIMITED","65","60","55"
"SUN","SUNCORP GROUP LIMITED","75","70","65"
"PIC","PERPETUAL EQUITY INVESTMENT COMPANY LIMITED","70","65","60"
"SUNPH","SUNCORP GROUP LIMITED","70","65","60"
"QUOTED","MANAGED HEDGE FUN","75","70","65"
"SUNPI","SUNCORP GROUP LIMITED","75","70","65"
"PL8","PLATO INCOME MAXIMISER LIMITED","65","60","55"
"SUNPJ","SUNCORP GROUP LIMITED","75","70","65"
"PLS","PILBARA MINERALS LIMITED","45","40","35"
"SVR","SOLVAR LIMITED","40","0","0"
"PMC","PLATINUM CAPITAL LIMITED","60","55","50"
"SWM","SEVEN WEST MEDIA LIMITED","40","0","0"
"PME","PRO MEDICUS LIMITED","45","40","35"
"PMGOLD","PERTH MINT GOLD A","75","70","65"
"SXL","SOUTHERN CROSS MEDIA GROUP LIMITED","40","0","0"
"PMV","PREMIER INVESTMENTS LIMITED","65","60","55"
"SYI","SPDR MSCI AUSTRALIA SELECT HIGH DIVIDEND YIELD FUND","80","75","70"
"PNI","PINNACLE INVESTMENT MANAGEMENT GROUP LIMITED","60","55","50"
"TAH","TABCORP HOLDINGS LIMITED","65","60","55"
"PNV","POLYNOVO LIMITED","40","0","0"
"TCL","TRANSURBAN GROUP","80","75","70"
"PPC","PEET LIMITED","40","0","0"
"TECH","GLOBAL X MORNINGSTAR GLOBAL TECHNOLOGY ETF","65","60","55"
"PPM","PEPPER MONEY LIMITED","40","0","0"
"TER","TERRACOM LIMITED","40","0","0"
"PPS","PRAEMIUM LIMITED","40","35","30"
"TLC","THE LOTTERY CORPORATION LIMITED","65","60","55"
"PPT","PERPETUAL LIMITED","65","60","55"
"TLS","TELSTRA GROUP LIMITED","80","75","70"
"PRN","PERENTI LIMITED","40","0","0"
"TLX","TELIX PHARMACEUTICALS LIMITED","50","45","40"
"PRU","PERSEUS MINING LIMITED","65","60","55"
"TNE","TECHNOLOGY ONE LIMITED","70","65","60"
"PTM","PLATINUM ASSET MANAGEMENT LIMITED","55","50","45"
"TPG","TPG TELECOM LIMITED","60","55","50"
"PWH","PWR HOLDINGS LIMITED","55","50","45"
"WEBSTER","GROUP LTD","40","0","0"
"PXA","PEXA GROUP LIMITED","55","50","45"
"TRS","THE REJECT SHOP LIMITED","45","40","35"
"QAN","QANTAS AIRWAYS LIMITED","75","70","65"
"TUA","TUAS LIMITED","40","0","0"
"CURRENCY","HEDGED","80","75","70"
"TWE","TREASURY WINE ESTATES LIMITED","70","65","60"
"QBE","QBE INSURANCE GROUP LIMITED","75","70","65"
"QFN","BETASHARES AUSTRALIAN FINANCIALS SECTOR ETF","80","75","70"
"URNM","BETASHARES GLOBAL URANIUM ETF","60","55","50"
"QLTY","BETASHARES GLOBAL QUALITY LEADERS ETF","70","65","60"
"DOLLAR","ETF","80","75","70"
"200","ETF","80","75","70"
"VAE","VANGUARD FTSE ASIA EX JAPAN SHARES INDEX ETF","70","65","60"
"QPON","BETASHARES AUSTRALIAN BANK SENIOR FLOATING RATE BOND ETF","80","75","70"
"VAF","VANGUARD AUSTRALIAN FIXED INTEREST INDEX ETF","80","75","70"
"QRE","BETASHARES AUSTRALIAN RESOURCES SECTOR ETF","80","75","70"
"VAP","VANGUARD AUSTRALIAN PROPERTY SECURITIES INDEX ETF","75","70","65"
"QSML","VANECK MSCI INTL SMALL COMPANIES QUALITY ETF","75","70","65"
"VAS","VANGUARD AUSTRALIAN SHARES INDEX ETF","80","75","70"
"QUAL","VANECK MSCI INTERNATIONAL QUALITY ETF","75","70","65"
"VAU","VAULT MINERALS LIMITED","45","40","35"
"QUB","QUBE HOLDINGS LIMITED","70","65","60"
"VBLD","VANGUARD GLOBAL INFRASTRUCTURE INDEX ETF","70","65","60"
"500","EQUAL WEIGHT ETF","75","70","65"
"RARI","RUSSELL INVESTMENTS AUSTRALIAN RESPONSIBLE INVESTMENT ETF","75","70","65"
"VCX","VICINITY CENTRES","70","65","60"
"RBTZ","BETASHARES GLOBAL ROBOTICS AND ARTIFICIAL INTELLIGENCE ETF","65","60","55"
"VDBA","VANGUARD DIVERSIFIED BALANCED INDEX ETF","70","65","60"
"VDCO","VANGUARD DIVERSIFIED CONSERVATIVE INDEX ETF","75","70","65"
"RDV","RUSSELL INVESTMENTS HIGH DIVIDEND AUSTRALIAN SHARES ETF","80","75","70"
"VDGR","VANGUARD DIVERSIFIED GROWTH INDEX ETF","65","60","55"
"REA","REA GROUP LTD","65","60","55"
"VDHG","VANGUARD DIVERSIFIED HIGH GROWTH INDEX ETF","75","70","65"
"REG","REGIS HEALTHCARE LIMITED","40","35","30"
"VEA","VIVA ENERGY GROUP LIMITED","65","60","55"
"REH","REECE LIMITED","60","55","50"
"VEQ","VANGUARD FTSE EUROPE SHARES ETF","70","65","60"
"VESG","VANGUARD ETHICALLY CONSCIOUS INTERNATIONAL SHARES INDEX ","75","70","65"
"REP","RAM ESSENTIAL SERVICES PROPERTY FUND","45","40","35"
"VETH","VANGUARD ETHICALLY CONSCIOUS AUSTRALIAN SHARES ETF","75","70","65"
"RF1","REGAL INVESTMENT FUND","45","40","35"
"US","SHARES INDEX ETF","70","65","60"
"RFF","RURAL FUNDS GROUP","55","50","45"
"VG1","VGI PARTNERS GLOBAL INVESTMENTS LIMITED","65","60","55"
"RG8","REGAL ASIAN INVESTMENTS LIMITED","50","45","40"
"RGN","REGION GROUP","70","65","60"
"VGB","VANGUARD AUSTRALIAN GOVERNMENT BOND INDEX ETF","80","75","70"
"RHC","RAMSAY HEALTH CARE LIMITED","70","65","60"
"VGE","VANGUARD FTSE EMERGING MARKETS SHARES ETF","65","60","55"
"RHCPA","RAMSAY HEALTH CARE LIMITED","70","65","60"
"VGS","VANGUARD MSCI INDEX INTERNATIONAL SHARES ETF","80","75","70"
"RIC","RIDLEY CORPORATION LIMITED","50","45","40"
"VHY","VANGUARD AUSTRALIAN SHARES HIGH YIELD ETF","80","75","70"
"RIO","RIO TINTO LIMITED","80","75","70"
"VISM","VANGUARD MSCI INTERNATIONAL SMALL COMPANIES INDEX ETF","70","65","60"
"RMS","RAMELIUS RESOURCES LIMITED","50","45","40"
"VLC","VANGUARD MSCI AUSTRALIAN LARGE COMPANIES INDEX ETF","80","75","70"
"AUTOMATION","ETF","65","60","55"
"VNT","VENTIA SERVICES GROUP LIMITED","50","45","40"
"RPL","REGAL PARTNERS LIMITED","40","0","0"
"VSO","VANGUARD MSCI AUSTRALIAN SMALL COMPANIES INDEX ETF","70","65","60"
"RRL","REGIS RESOURCES LIMITED","55","50","45"
"VTS","VANGUARD US TOTAL MARKET SHARES INDEX ETF","80","75","70"
"Name","VVLU
VANGUARD GLOBAL VALUE EQUITY ACTIVE ETF","70","65","60"
"WAF","WEST AFRICAN RESOURCES LIMITED","40","35","30"
"WAM","WAM CAPITAL LIMITED","70","65","60"
"WAR","WAM STRATEGIC VALUE LIMITED","55","50","45"
"WAX","WAM RESEARCH LIMITED","45","40","35"
"WBC","WESTPAC BANKING CORPORATION","80","75","70"
"WBCPH","WESTPAC BANKING CORPORATION","80","75","70"
"WBCPJ","WESTPAC BANKING CORPORATION","80","75","70"
"WBCPK","WESTPAC BANKING CORPORATION","80","75","70"
"WBCPL","WESTPAC BANKING CORPORATION","80","75","70"
"WBCPM","WESTPAC BANKING CORPORATION","80","75","70"
"P","GLOBAL DIVIDEND FUND","70","65","60"
"WDMF","ISHARES WORLD EQUITY FACTOR ETF","65","60","55"
"WDS","WOODSIDE ENERGY GROUP LTD","75","70","65"
"WEB","WEB TRAVEL GROUP LIMITED","65","60","55"
"WES","WESFARMERS LIMITED","80","75","70"
"WGB","WAM GLOBAL LIMITED","65","60","55"
"WGN","WAGNERS HOLDING COMPANY LIMITED","40","0","0"
"WGX","WESTGOLD RESOURCES LIMITED","40","35","30"
"WHC","WHITEHAVEN COAL LIMITED","55","50","45"
"WHF","WHITEFIELD INDUSTRIALS LIMITED","65","60","55"
"WJL","WEBJET GROUP LIMITED","60","55","50"
"WLE","WAM LEADERS LIMITED","65","60","55"
"WMI","WAM MICROCAP LIMITED","55","50","45"
"WOR","WORLEY LIMITED","65","60","55"
"WOW","WOOLWORTHS GROUP LIMITED","80","75","70"
"WPR","WAYPOINT REIT","70","65","60"
"WQG","WCM GLOBAL GROWTH LIMITED","65","60","55"
"MANAGED","FUN","70","65","60"
"WTC","WISETECH GLOBAL LIMITED","55","50","45"
"WVOL","ISHARES MSCI WORLD EX AUST MINIMUM VOLATILITY ETF","75","70","65"
"P","WORLD EX AUSTRALIA CARBON CONTROL FUND","75","70","65"
"XRO","XERO LIMITED","55","50","45"
"YAL","YANCOAL AUSTRALIA LIMITED","40","35","30"
"MANAGED","FUN","75","70","65"
"200","HIGH DIVIDEND ETF","75","70","65"
"500","HIGH YIELD LOW VOLATILITY ETF","70","65","60"
